timestamp,low,high,open,close,volume
2024-03-17 00:00:00,178.88,204.796,181.948,201.783,460886.4
2024-03-16 00:00:00,176.383,197.468,183.897,181.923,678413.7
2024-03-15 00:00:00,165,189.007,176.817,183.745,1055715.9
2024-03-14 00:00:00,158.88,178.608,164.188,176.673,483166.2
2024-03-13 00:00:00,148.93,167.101,151.188,164.095,320092.5
2024-03-12 00:00:00,141.59,155.362,149.025,151.267,361349.7
2024-03-11 00:00:00,136.117,151.322,144.618,148.947,340514.7
2024-03-10 00:00:00,140.596,148.864,144.457,144.504,130278.6
2024-03-09 00:00:00,143.995,149.531,145.195,144.571,69945.5
2024-03-08 00:00:00,142.208,152.948,144.151,145.039,449439.5
2024-03-07 00:00:00,130.662,149.928,130.957,144.232,758584.6
2024-03-06 00:00:00,120.383,135.025,125.552,130.9,391728.3
2024-03-05 00:00:00,104.654,142.935,133.578,125.819,1014227.2
2024-03-04 00:00:00,127.731,135.3,130.398,133.659,550311.9
2024-03-03 00:00:00,124,132.529,130.261,130.522,227853.2
2024-03-02 00:00:00,127.448,131.886,129.554,130.231,125676.9
2024-03-01 00:00:00,125.8,137.858,125.809,129.4,328909
2024-02-29 00:00:00,117.435,134.828,119.474,125.788,1044973.8
2024-02-28 00:00:00,106.002,119.518,108.47,119.518,832332.9
2024-02-27 00:00:00,105.362,112.546,110.059,108.45,536013.1
2024-02-26 00:00:00,100.251,110.923,103.574,109.949,483220.3
2024-02-25 00:00:00,102.074,104.451,104.082,103.579,75783.1
2024-02-24 00:00:00,98.319,104.818,99.91,104.065,182920.8
2024-02-23 00:00:00,98.737,103.169,101.656,99.89,217155.3
2024-02-22 00:00:00,101.508,107.127,105.102,101.732,182443.5
2024-02-21 00:00:00,100.159,108.484,108.403,105.096,388665.9
2024-02-20 00:00:00,101.089,112.183,111.613,108.343,526537.4
2024-02-19 00:00:00,110.8,115,112.29,111.575,196962.5
2024-02-18 00:00:00,107.563,114.164,108.997,112.211,154972.6
2024-02-17 00:00:00,105.671,111.29,110.46,108.938,494976.4
2024-02-16 00:00:00,108.044,114.573,114,110.469,411787.7
2024-02-15 00:00:00,111.7,118.483,117.152,114,569816.3
2024-02-14 00:00:00,110.744,118.79,112.602,117.037,378401.7
2024-02-13 00:00:00,108.491,115.228,111.701,112.593,664061.7
2024-02-12 00:00:00,103.425,112.24,107.518,111.704,704810.5
2024-02-11 00:00:00,107.3,110.745,109.038,107.535,147624
2024-02-10 00:00:00,106.911,111,106.994,109.061,333263.1
2024-02-09 00:00:00,102.859,109.1,102.859,107.032,577665.7
2024-02-08 00:00:00,100.515,105.026,101.172,102.772,296264
2024-02-07 00:00:00,94.57,101.544,96.849,101.127,437012.5
2024-02-06 00:00:00,93.1,97.843,95.506,96.801,559002.5
2024-02-05 00:00:00,94.1,98.65,95.456,95.518,320421.1
2024-02-04 00:00:00,95.252,98.465,97.791,95.46,380913
2024-02-03 00:00:00,96.624,101.199,100.536,97.89,176671.3
2024-02-02 00:00:00,97.387,102.498,97.813,100.539,449465.3
2024-02-01 00:00:00,92.997,98.021,96.898,97.789,682188.2
2024-01-31 00:00:00,95.788,102.678,101.411,96.909,822400.4
2024-01-30 00:00:00,100.947,106.42,101.831,101.364,670155.5
2024-01-29 00:00:00,95.042,101.999,95.971,101.696,447079.8
2024-01-28 00:00:00,93.347,99.611,94.278,95.978,425390.1
2024-01-27 00:00:00,90.664,94.555,92.293,94.25,257865.9
2024-01-26 00:00:00,86,93.695,86.844,92.275,436201.9
2024-01-25 00:00:00,85.063,89.614,88.721,86.87,449464.9
2024-01-24 00:00:00,83.201,89.376,84.19,88.733,871995.9
2024-01-23 00:00:00,78.935,85.901,83.716,84.217,777971.1
2024-01-22 00:00:00,81.655,91.83,91.04,83.635,927219.5
2024-01-21 00:00:00,90.759,93.925,92.746,91.029,134068.3
2024-01-20 00:00:00,90.093,94.23,93.535,92.788,165231.4
2024-01-19 00:00:00,86.913,95.346,94.232,93.636,666419.4
2024-01-18 00:00:00,90.88,103.5,102.05,94.312,477547.1
2024-01-17 00:00:00,96.609,102.733,97.632,102.128,833478.7
2024-01-16 00:00:00,94.176,98.689,94.381,97.595,290674.9
2024-01-15 00:00:00,92.949,96.859,93.69,94.35,487037.2
2024-01-14 00:00:00,93.642,102.998,95.756,93.719,757131.1
2024-01-13 00:00:00,89.545,97,92.109,95.802,481112.4
2024-01-12 00:00:00,86.117,100.513,99.985,91.994,1148667
2024-01-11 00:00:00,97.634,107.3,102.075,99.869,1013991.3
2024-01-10 00:00:00,92.269,105.566,99.111,102.075,1200733.1
2024-01-09 00:00:00,95.351,106.426,97.905,99.418,887177.2
2024-01-08 00:00:00,84.908,100,89.529,97.964,1536439.7
2024-01-07 00:00:00,87.834,96.841,93.811,89.533,651076.7
2024-01-06 00:00:00,91.364,100.368,99.991,93.864,513402.7
2024-01-05 00:00:00,95.247,105.596,105.102,99.895,712409.5
2024-01-04 00:00:00,96.691,108.411,98.572,105.092,839751.2
2024-01-03 00:00:00,83.5,110.026,106.82,98.55,1383280.1
2024-01-02 00:00:00,106.025,117.054,110.001,106.835,918099.6
2024-01-01 00:00:00,101.52,110,101.745,110,472755
2023-12-31 00:00:00,99.64,105.2,101.925,101.733,431845.4
2023-12-30 00:00:00,100.65,107.672,106.336,101.878,472919.3
2023-12-28 00:00:00,96.729,109.711,106.901,101.99,1128902.6
2023-12-27 00:00:00,104.748,115.38,112.448,106.963,1130170.9
2023-12-26 00:00:00,102,121.36,120.971,112.495,1362461.2
2023-12-25 00:00:00,108,126.795,112.731,120.98,1666129.4
2023-12-24 00:00:00,107.41,118.5,107.971,112.634,1485774.1
2023-12-23 00:00:00,92.868,110.529,98.034,108.007,1263334.1
2023-12-22 00:00:00,90.477,99.6,93.941,98.007,1436663
2023-12-21 00:00:00,81.024,95.81,82.371,93.916,2755879.4
2023-12-20 00:00:00,73.04,84.2,73.1,82.318,3432720.6
2023-12-19 00:00:00,71.762,76.335,74.453,73.1,881533.3
2023-12-18 00:00:00,66.868,75.469,70.822,74.474,1328867.4
2023-12-17 00:00:00,70.242,75.022,73.8,70.858,844138.1
2023-12-16 00:00:00,71.42,77.205,72.6,73.8,725595.4
2023-12-15 00:00:00,72.2,79.658,75.703,72.6,1437107.6
2023-12-14 00:00:00,67.434,76.37,70.668,75.705,1522964.2
2023-12-13 00:00:00,63.311,72.661,68.56,70.656,1796857.8
2023-12-12 00:00:00,65.694,72.4,70.328,68.577,1072859.4
2023-12-11 00:00:00,63.03,75,74.941,70.35,2242175.9
2023-12-10 00:00:00,70.726,74.906,72.432,74.878,954996.7
2023-12-09 00:00:00,71.61,77.83,74.918,72.37,1526672.9
2023-12-08 00:00:00,67.796,75.36,67.796,74.856,1976945
2023-12-07 00:00:00,61.65,69.42,61.901,67.796,1666139.7
2023-12-06 00:00:00,61.055,66.714,61.055,61.872,1477586.5
2023-12-05 00:00:00,59.1,62.596,61.662,61.055,1140898.3
2023-12-04 00:00:00,59.4,65.357,62.982,61.69,1046121.8
2023-12-03 00:00:00,62.241,65.637,63.67,62.952,645006.5
2023-12-02 00:00:00,59.699,63.963,59.777,63.706,532229.6
2023-12-01 00:00:00,58.558,61.901,59.353,59.78,671718.7
2023-11-30 00:00:00,58.754,61.742,59.332,59.229,724143.9
2023-11-29 00:00:00,57.737,61.84,58.256,59.296,1116680.7
2023-11-28 00:00:00,53.93,58.767,55.072,58.198,995961.5
2023-11-27 00:00:00,53.462,58.103,57.598,55.076,884722.7
2023-11-26 00:00:00,56.021,59.065,58.839,57.599,590042.7
2023-11-25 00:00:00,55.75,59.87,56.872,58.844,709954.9
2023-11-24 00:00:00,56.122,58.785,56.533,56.905,1414851.4
2023-11-23 00:00:00,56.158,59.667,57.587,56.513,1225876.1
2023-11-22 00:00:00,51.427,59.051,51.699,57.581,1783145.5
2023-11-21 00:00:00,51.239,57.459,56.629,51.71,2094986
2023-11-20 00:00:00,56,61.413,61.161,56.629,1226003.5
2023-11-19 00:00:00,56.5,62.155,58.593,61.132,1096381.2
2023-11-18 00:00:00,54.745,59.436,58.557,58.585,877173.6
2023-11-17 00:00:00,54.14,60.604,57.816,58.564,1773709.2
2023-11-16 00:00:00,56.488,68.373,65.478,57.846,2653664.1
2023-11-15 00:00:00,56.186,67.18,56.851,65.494,2624302.5
2023-11-14 00:00:00,51.185,58.141,51.659,56.847,2818086.9
2023-11-13 00:00:00,51.534,60,56.336,51.676,3260371.4
2023-11-12 00:00:00,54.6,62.022,56.501,56.389,2664563.4
2023-11-11 00:00:00,53.576,63.924,56.661,56.5,3471482.6
2023-11-10 00:00:00,45.119,57.5,45.342,56.635,3563088.5
2023-11-09 00:00:00,41.596,49.037,43.156,45.326,2655429.2
2023-11-08 00:00:00,42.27,43.9,42.981,43.135,1031459
2023-11-07 00:00:00,40.125,44.88,42.204,42.984,1899924.5
2023-11-06 00:00:00,39.675,42.265,41.183,42.201,993910.9
2023-11-05 00:00:00,40.083,42.932,42.499,41.169,882050
2023-11-04 00:00:00,39.056,42.789,39.472,42.45,986889
2023-11-03 00:00:00,38.02,40.32,40.271,39.471,1326993.8
2023-11-02 00:00:00,38.67,44.6,41.176,40.263,2094410
2023-11-01 00:00:00,37.815,46.982,38.401,41.139,4028953.9
2023-10-31 00:00:00,34.866,38.703,34.969,38.388,1598188.7
2023-10-30 00:00:00,32.314,35.358,32.844,34.946,1029984.4
2023-10-29 00:00:00,31.279,33.208,31.62,32.828,529806.3
2023-10-28 00:00:00,31.344,32.527,31.741,31.631,515131.9
2023-10-27 00:00:00,31.201,33.393,32.776,31.739,1230027.9
2023-10-26 00:00:00,30.722,33.29,32.438,32.777,1718245.7
2023-10-25 00:00:00,30.006,33.923,30.183,32.451,2175337.6
2023-10-24 00:00:00,29.481,32.632,31.896,30.17,2209622.7
2023-10-23 00:00:00,28.75,32.92,29.066,31.926,2779848.5
2023-10-22 00:00:00,27.984,30.005,29.326,29.066,1233401.8
2023-10-21 00:00:00,26.653,30.35,27.028,29.327,2315610.8
2023-10-20 00:00:00,24.74,27.664,24.922,27.029,2012304.5
2023-10-19 00:00:00,23.113,25.885,23.415,24.933,1163948.3
2023-10-18 00:00:00,23.356,24.425,23.942,23.4,683136.5
2023-10-17 00:00:00,23.455,24.567,23.955,23.937,1049749.7
2023-10-16 00:00:00,21.886,24.937,21.923,23.944,1461886.6
2023-10-15 00:00:00,21.658,22.18,21.988,21.931,320035.1
2023-10-14 00:00:00,21.791,22.316,21.845,21.986,489258.2
2023-10-13 00:00:00,21.115,22.206,21.265,21.84,647010.7
2023-10-12 00:00:00,20.91,22.044,22.012,21.28,747922.1
2023-10-11 00:00:00,21.603,22.405,22.107,22.012,906867.7
2023-10-09 00:00:00,21.599,23.375,23.222,22.089,951874.5
2023-10-08 00:00:00,23.074,23.636,23.288,23.224,390531.3
2023-10-07 00:00:00,23.084,24.207,23.416,23.298,624454
2023-10-06 00:00:00,22.669,23.76,22.69,23.413,1009296.2
2023-10-05 00:00:00,22.52,23.772,23.12,22.676,932371.2
2023-10-04 00:00:00,22.575,23.852,23.609,23.125,1275488.7
2023-10-03 00:00:00,23.2,24.8,23.389,23.609,1801738.4
2023-10-02 00:00:00,22.908,24.935,23.887,23.389,2054995.8
2023-10-01 00:00:00,21.118,25.397,21.34,23.881,3642101.7
2023-09-30 00:00:00,20.065,21.785,20.259,21.345,1304166.4
2023-09-29 00:00:00,19.839,20.449,19.956,20.259,1000222.4
2023-09-28 00:00:00,19.085,19.981,19.112,19.951,880043.1
2023-09-27 00:00:00,18.687,19.463,19.011,19.122,801529.6
2023-09-26 00:00:00,18.804,19.516,19.392,19.014,583529.7
2023-09-25 00:00:00,19.076,19.722,19.357,19.389,746940.5
2023-09-24 00:00:00,19.2,19.67,19.482,19.36,560758.3
2023-09-23 00:00:00,19.283,19.58,19.415,19.48,464883.1
2023-09-22 00:00:00,19.129,19.795,19.45,19.422,779286.1
2023-09-21 00:00:00,19.258,20.282,20.281,19.454,1053358.9
2023-09-20 00:00:00,19.8,20.534,20.02,20.282,1147439.4
2023-09-19 00:00:00,19.569,20.413,19.639,20.019,1278166.6
2023-09-18 00:00:00,18.556,20.141,18.797,19.651,1791099
2023-09-17 00:00:00,18.619,19.12,19.113,18.807,638163.8
2023-09-16 00:00:00,18.856,19.445,19.127,19.114,692050.5
2023-09-15 00:00:00,18.552,19.504,18.834,19.128,1140678.3
2023-09-14 00:00:00,18.373,19.338,18.391,18.831,2617479.6
2023-09-13 00:00:00,17.688,18.528,17.903,18.386,2796242.4
2023-09-12 00:00:00,17.561,18.781,17.711,17.908,1689703.8
2023-09-11 00:00:00,17.321,18.441,18.224,17.729,1896552
2023-09-10 00:00:00,17.1,19.419,19.416,18.227,1744828.1
2023-09-09 00:00:00,19.34,19.598,19.591,19.428,323502.5
2023-09-08 00:00:00,19.341,20.291,19.906,19.597,1051085.7
2023-09-07 00:00:00,19.323,19.983,19.625,19.901,1116178.3
2023-09-06 00:00:00,19.127,20.374,20.255,19.626,1250595.4
2023-09-05 00:00:00,19.026,20.59,19.513,20.258,1262198
2023-09-04 00:00:00,19.175,20.042,19.563,19.512,689814.6
2023-09-03 00:00:00,19.234,19.652,19.486,19.562,284166.4
2023-09-02 00:00:00,19.128,19.696,19.32,19.482,277159.5
2023-09-01 00:00:00,19.022,19.921,19.715,19.322,842722.3
2023-08-31 00:00:00,19.418,21.058,20.819,19.719,919883.6
2023-08-30 00:00:00,20.6,21.982,21.822,20.819,790950.2
2023-08-29 00:00:00,20.106,22.046,20.546,21.792,1117323.4
2023-08-28 00:00:00,20.031,20.779,20.777,20.543,626894.7
2023-08-27 00:00:00,20.241,20.9,20.268,20.781,359571.3
2023-08-26 00:00:00,20.178,20.422,20.402,20.273,198334.9
2023-08-25 00:00:00,20.07,21.038,21.031,20.385,467494.8
2023-08-24 00:00:00,20.656,22,21.722,21.05,712071.4
2023-08-23 00:00:00,20.337,21.859,20.57,21.723,578474.9
2023-08-22 00:00:00,19.222,21.263,21.189,20.557,610875.2
2023-08-21 00:00:00,20.273,21.775,21.772,21.19,521035.9
2023-08-20 00:00:00,21.551,22.021,21.885,21.773,187230.8
2023-08-19 00:00:00,21.284,22.168,21.321,21.881,354048.7
2023-08-18 00:00:00,20.845,22.192,21.661,21.333,603752.2
2023-08-17 00:00:00,19.724,23.413,22.778,21.67,1415989
2023-08-16 00:00:00,22.345,23.995,23.875,22.79,894276.4
2023-08-15 00:00:00,23.709,25.381,25.169,23.874,858346.5
2023-08-14 00:00:00,24.045,25.276,24.207,25.162,956471.5
2023-08-13 00:00:00,24.198,24.936,24.928,24.205,443604.3
2023-08-12 00:00:00,24.378,25.554,24.61,24.892,268889.1
2023-08-11 00:00:00,24.329,24.9,24.604,24.595,414898.7
2023-08-10 00:00:00,24.124,24.871,24.377,24.578,390132.7
2023-08-09 00:00:00,24.095,24.973,24.203,24.372,686438
2023-08-08 00:00:00,23,24.77,23.097,24.2,1136790.9
2023-08-07 00:00:00,22.305,23.62,23.173,23.097,804606
2023-08-06 00:00:00,22.568,23.449,22.642,23.158,547556.4
2023-08-05 00:00:00,22.194,22.911,22.78,22.639,363239.9
2023-08-04 00:00:00,22.455,23.542,22.618,22.78,946525.1
2023-08-03 00:00:00,22.438,23.388,23.119,22.608,896570.3
2023-08-02 00:00:00,22.783,24.285,24.044,23.146,875096.1
2023-08-01 00:00:00,22.539,24.064,23.724,24.029,1273700
2023-07-31 00:00:00,23.515,24.777,24.246,23.72,878649
2023-07-30 00:00:00,23.099,25.21,25.163,24.245,864775
2023-07-29 00:00:00,24.749,25.389,24.817,25.162,537883.6
2023-07-28 00:00:00,24.537,25.56,25.098,24.818,817651.4
2023-07-27 00:00:00,24.676,25.692,25.181,25.106,1259120.2
2023-07-26 00:00:00,23.174,25.691,23.283,25.183,1444587.3
2023-07-25 00:00:00,22.717,23.593,23.374,23.279,779474.9
2023-07-24 00:00:00,22.87,24.82,24.76,23.368,1415585.1
2023-07-23 00:00:00,24.152,25.255,24.52,24.762,657055.4
2023-07-21 00:00:00,25.064,25.998,25.361,25.511,923854.6
2023-07-20 00:00:00,24.81,27.377,26.347,25.369,1648172.8
2023-07-19 00:00:00,25.366,26.997,25.566,26.314,2117255.6
2023-07-18 00:00:00,24.746,27.1,26.816,25.566,1812828
2023-07-17 00:00:00,25.387,28.49,27.404,26.789,2157602
2023-07-16 00:00:00,26.425,28.687,27.471,27.407,1557854.1
2023-07-15 00:00:00,26.459,29.113,26.672,27.471,2207045.4
2023-07-14 00:00:00,24.96,32.62,26.021,26.663,4114209.2
2023-07-13 00:00:00,21.428,26.852,21.931,26.013,4925489.6
2023-07-12 00:00:00,21.764,22.921,22.069,21.933,2116147.7
2023-07-11 00:00:00,21.214,22.37,21.297,22.081,2862029.9
2023-07-10 00:00:00,20.481,21.802,21.343,21.319,2685500.4
2023-07-09 00:00:00,21.012,22.369,21.836,21.343,2241057.6
2023-07-08 00:00:00,21.329,22.458,21.493,21.836,1937583.8
2023-07-07 00:00:00,19.26,21.804,19.598,21.494,3694000.9
2023-07-06 00:00:00,18.818,21.106,19,19.603,4235807.8
2023-07-05 00:00:00,18.3,19.39,19.145,18.992,1269208.2
2023-07-04 00:00:00,19.076,19.948,19.265,19.151,1083558.1
2023-07-03 00:00:00,18.883,19.68,19.47,19.272,800196.6
2023-07-02 00:00:00,18.5,19.762,18.686,19.46,979143.5
2023-07-01 00:00:00,17.903,19.004,18.86,18.689,868569.2
2023-06-30 00:00:00,16.487,20.039,18,18.866,3167749.8
2023-06-29 00:00:00,15.881,18.287,15.972,17.999,2121038.1
2023-06-28 00:00:00,15.549,16.658,16.638,15.961,1321737.1
2023-06-27 00:00:00,16.151,16.945,16.275,16.64,925586.8
2023-06-26 00:00:00,15.923,17.138,16.966,16.284,1335429.6
2023-06-25 00:00:00,16.585,17.386,16.654,16.972,836658.8
2023-06-24 00:00:00,16.319,17.545,17.147,16.654,820495.8
2023-06-23 00:00:00,16.191,17.549,16.64,17.135,1092432
2023-06-22 00:00:00,16.584,17.76,17.221,16.633,1109029.9
2023-06-21 00:00:00,16.56,17.4,16.647,17.256,1070077.5
2023-06-20 00:00:00,15.724,16.681,16.1,16.641,1103283.1
2023-06-19 00:00:00,15.35,16.146,15.436,16.117,699977.2
2023-06-18 00:00:00,15.109,15.821,15.629,15.437,521249.3
2023-06-17 00:00:00,15.153,16.131,15.305,15.634,928295.3
2023-06-16 00:00:00,14.372,15.46,14.759,15.306,1867171.3
2023-06-15 00:00:00,14.154,15.046,14.468,14.766,1579696.9
2023-06-14 00:00:00,14.061,15.357,15.035,14.489,1456868
2023-06-13 00:00:00,14.76,15.99,15.193,15.039,2219761
2023-06-12 00:00:00,14.75,15.699,15.554,15.181,2406530.6
2023-06-11 00:00:00,15.128,16.192,15.628,15.544,3254845.4
2023-06-10 00:00:00,12.749,17.429,17.4,15.628,8190229.9
2023-06-09 00:00:00,17.118,19.366,18.873,17.397,2508275.9
2023-06-08 00:00:00,18.23,19.108,18.631,18.881,1357181.2
2023-06-07 00:00:00,18.494,20.539,20.391,18.632,1904522.2
2023-06-06 00:00:00,19.243,20.715,19.974,20.392,1475027.1
2023-06-05 00:00:00,18.916,22.068,21.832,20.008,2009160.2
2023-06-04 00:00:00,21.045,22.31,21.202,21.829,688270.3
2023-06-03 00:00:00,20.971,21.356,21.266,21.202,356065.3
2023-06-02 00:00:00,20.302,21.386,20.5,21.263,816350.8
2023-06-01 00:00:00,20.413,20.989,20.818,20.491,890876.8
2023-05-31 00:00:00,20.361,21.35,21.27,20.82,874044.4
2023-05-30 00:00:00,20.483,21.418,20.587,21.257,1105800
2023-05-29 00:00:00,20.271,20.996,20.821,20.578,849662.5
2023-05-28 00:00:00,20.306,21.183,20.447,20.813,861276.4
2023-05-27 00:00:00,19.344,20.536,19.369,20.441,702060.9
2023-05-26 00:00:00,19.095,19.557,19.257,19.365,321509.6
2023-05-25 00:00:00,18.777,19.583,19.218,19.257,414168.7
2023-05-24 00:00:00,18.671,20.072,20.039,19.214,1091070.9
2023-05-23 00:00:00,19.427,20.187,19.527,20.025,813013.2
2023-05-22 00:00:00,19.296,20.037,19.618,19.531,399808
2023-05-21 00:00:00,19.362,20.398,20.29,19.582,432859.9
2023-05-20 00:00:00,20.103,20.368,20.364,20.291,164064.4
2023-05-19 00:00:00,20.191,20.601,20.349,20.368,245104.2
2023-05-18 00:00:00,20.081,21.103,21.071,20.346,636844
2023-05-17 00:00:00,20.433,21.221,20.673,21.063,857231.5
2023-05-16 00:00:00,20.45,21.135,20.985,20.672,990431.4
2023-05-15 00:00:00,20.605,21.527,20.939,20.988,859168.2
2023-05-14 00:00:00,20.588,21.282,20.857,20.942,557523.6
2023-05-13 00:00:00,20.783,21.3,20.922,20.854,586059.2
2023-05-12 00:00:00,19.813,20.952,20.186,20.92,820734.5
2023-05-11 00:00:00,19.734,20.947,20.943,20.197,660607
2023-05-10 00:00:00,19.827,21.318,20.669,20.947,905809.1
2023-05-09 00:00:00,20.427,21.015,20.645,20.666,699871.3
2023-05-08 00:00:00,19.952,21.856,21.67,20.647,1755603.9
2023-05-07 00:00:00,21.643,22.82,21.953,21.677,1629339.2
2023-05-06 00:00:00,21.576,23.261,22.851,21.955,1076693.9
2023-05-05 00:00:00,21.559,23.091,21.75,22.846,1320890.7
2023-05-04 00:00:00,21.613,22.501,22.257,21.75,1012844.9
2023-05-02 00:00:00,21.745,22.394,21.953,22.271,1052989
2023-05-01 00:00:00,21.555,22.905,22.752,21.956,1122609.7
2023-04-30 00:00:00,22.713,24.009,23.205,22.724,834482.4
2023-04-29 00:00:00,22.908,23.909,23.374,23.213,808953.5
2023-04-28 00:00:00,22.188,23.533,22.368,23.362,1265144.8
2023-04-27 00:00:00,21.189,22.523,21.283,22.333,1870404.8
2023-04-26 00:00:00,20.351,22.99,21.961,21.286,2455763.1
2023-04-25 00:00:00,20.74,21.969,21.396,21.937,1607528.8
2023-04-24 00:00:00,21.021,22.009,21.48,21.383,1364557.6
2023-04-23 00:00:00,20.99,22.26,21.789,21.48,1124325.5
2023-04-22 00:00:00,21.058,21.999,21.256,21.812,571902.9
2023-04-21 00:00:00,20.926,22.429,22.199,21.26,1638374.1
2023-04-20 00:00:00,21.593,23.186,22.681,22.2,2265606.7
2023-04-19 00:00:00,21.481,24.999,24.845,22.684,3303762.2
2023-04-18 00:00:00,23.994,25.45,24.597,24.844,2223194.2
2023-04-17 00:00:00,24.317,26.06,25.375,24.59,2738681.7
2023-04-16 00:00:00,23.848,25.524,24.077,25.37,1497264.6
2023-04-15 00:00:00,23.834,24.822,24.739,24.078,866384.4
2023-04-14 00:00:00,23.766,25.505,24.459,24.744,2349962.5
2023-04-13 00:00:00,23.656,25.319,23.822,24.463,1390783.2
2023-04-12 00:00:00,22.338,24.5,23.016,23.813,3838694.8
2023-04-11 00:00:00,20.835,23.71,20.912,23.012,3073704.6
2023-04-10 00:00:00,20.081,20.963,20.296,20.91,567885.1
2023-04-09 00:00:00,19.885,20.475,20.046,20.292,505858.1
2023-04-08 00:00:00,19.858,20.728,20.458,20.048,524064.7
2023-04-07 00:00:00,20.239,20.782,20.627,20.458,410813.1
2023-04-06 00:00:00,20.454,20.986,20.972,20.627,745234.7
2023-04-05 00:00:00,20.579,21.359,20.933,20.978,1541196
2023-04-04 00:00:00,20.298,21.275,20.479,20.935,610168.5
2023-04-03 00:00:00,19.983,20.984,20.527,20.454,936169
2023-04-02 00:00:00,20.241,21.309,21.095,20.527,1220078.4
2023-04-01 00:00:00,20.76,21.368,21.2,21.094,604240.3
2023-03-31 00:00:00,20.041,21.493,20.552,21.179,1040888.3
2023-03-30 00:00:00,20.146,21.697,21.11,20.561,1549082.7
2023-03-29 00:00:00,20.436,21.572,20.461,21.116,920026.9
2023-03-28 00:00:00,19.596,20.893,19.904,20.459,1046387.9
2023-03-27 00:00:00,19.317,20.998,20.954,19.905,1106567.4
2023-03-26 00:00:00,20.304,21.169,20.424,20.983,594465.7
2023-03-25 00:00:00,20.114,20.988,20.685,20.441,729552.8
2023-03-24 00:00:00,20.287,22.327,22.226,20.674,1290292.1
2023-03-23 00:00:00,21.17,22.804,21.487,22.227,1347540.3
2023-03-22 00:00:00,21.01,23.134,22.583,21.46,1945657.7
2023-03-21 00:00:00,21.596,23.414,22.18,22.592,2130600.2
2023-03-20 00:00:00,21.4,24.015,21.924,22.187,3276701.6
2023-03-19 00:00:00,21.272,22.5,21.272,21.905,1057187.6
2023-03-18 00:00:00,21.132,23.018,21.661,21.277,1673813.8
2023-03-17 00:00:00,19.463,21.753,19.711,21.67,1239792.7
2023-03-16 00:00:00,18.947,19.967,19.316,19.706,1062531.1
2023-03-15 00:00:00,18.76,21.572,20.931,19.31,2011390.1
2023-03-14 00:00:00,19.869,22.226,20.496,20.937,2001729.4
2023-03-13 00:00:00,18.909,21.581,20.361,20.47,2824943
2023-03-12 00:00:00,17.869,20.799,18.246,20.374,1639444
2023-03-11 00:00:00,17.002,19.088,18.207,18.247,2604109.6
2023-03-10 00:00:00,16,18.412,17.334,18.214,3780558.5
2023-03-09 00:00:00,16.694,18.772,18.41,17.334,2736030
2023-03-08 00:00:00,18.115,20.405,20.244,18.417,2722805
2023-03-07 00:00:00,19.699,20.975,20.623,20.249,1698462
2023-03-06 00:00:00,20.46,21.179,20.977,20.62,890743.3
2023-03-05 00:00:00,20.84,21.701,20.98,20.983,769391.8
2023-03-04 00:00:00,20.205,21.63,21.416,20.977,514951.4
2023-03-03 00:00:00,20.315,22.011,22.002,21.413,1294066.1
2023-03-02 00:00:00,21.658,22.674,22.512,21.992,1071488
2023-03-01 00:00:00,21.657,22.915,21.892,22.515,1063379.2
2023-02-28 00:00:00,21.75,22.741,22.672,21.89,771145.3
2023-02-27 00:00:00,22.323,23.407,23.243,22.673,1118745.1
2023-02-26 00:00:00,22.202,23.54,22.364,23.244,1269593.8
2023-02-25 00:00:00,21.423,23.334,23.077,22.384,1734252.3
2023-02-24 00:00:00,22.45,24.126,23.923,23.103,2609828.2
2023-02-23 00:00:00,23.604,24.688,24.153,23.924,1075746.9
2023-02-22 00:00:00,23.227,25.233,24.983,24.154,2203742.6
2023-02-21 00:00:00,24.489,26.67,26.279,24.985,2452388
2023-02-20 00:00:00,24.119,27.124,24.849,26.286,3016148.5
2023-02-19 00:00:00,23.215,25.721,23.462,24.847,2503897.6
2023-02-18 00:00:00,22.937,23.93,23.154,23.471,543336.8
2023-02-17 00:00:00,22.019,23.557,22.252,23.16,1262361
2023-02-16 00:00:00,22.2,24.172,23.886,22.255,1922489.4
2023-02-15 00:00:00,21.459,23.994,21.854,23.892,2865194.8
2023-02-14 00:00:00,20.675,22.399,20.774,21.853,2498842.4
2023-02-13 00:00:00,19.753,21.614,21.507,20.766,2035586.4
2023-02-11 00:00:00,20.095,20.895,20.095,20.797,475434.5
2023-02-10 00:00:00,19.682,21.186,20.488,20.115,1508590
2023-02-09 00:00:00,19.972,23.366,23.218,20.494,1874500.8
2023-02-08 00:00:00,22.8,24.246,23.84,23.198,899635.6
2023-02-07 00:00:00,22.53,23.975,22.657,23.836,1712677.4
2023-02-06 00:00:00,22.5,23.735,23.489,22.657,1122962.3
2023-02-05 00:00:00,23.01,24.455,24.307,23.466,1133409.6
2023-02-04 00:00:00,24.15,24.943,24.709,24.324,344541
2023-02-03 00:00:00,24.012,25.071,24.329,24.691,1395755
2023-02-02 00:00:00,24.011,26.167,25.031,24.298,2190210.4
2023-02-01 00:00:00,22.497,25.247,23.946,25.02,2418355.9
2023-01-31 00:00:00,23.5,24.5,23.963,23.936,1113262.6
2023-01-30 00:00:00,23,26.327,26.08,23.971,1827447.7
2023-01-29 00:00:00,23.715,26.85,24.005,26.103,2393557.9
2023-01-28 00:00:00,23.692,25.25,24.423,24.009,1380066.1
2023-01-27 00:00:00,23.288,24.983,24.344,24.437,1825479.2
2023-01-26 00:00:00,23.75,25.245,24.54,24.341,2029020
2023-01-25 00:00:00,22.218,25.5,22.77,24.53,3173830.1
2023-01-24 00:00:00,22.114,25.262,24.346,22.793,2101820.9
2023-01-23 00:00:00,23.717,24.94,24.205,24.338,2059109.4
2023-01-22 00:00:00,23.376,25.462,24.563,24.199,2257143.1
2023-01-21 00:00:00,23.886,26.661,25.527,24.565,3691652.4
2023-01-20 00:00:00,20.925,25.865,21.414,25.518,3318403.2
2023-01-19 00:00:00,20.414,21.875,20.795,21.417,3350751.2
2023-01-18 00:00:00,20.2,23.662,22.852,20.826,4163758.1
2023-01-17 00:00:00,22.694,23.95,23.568,22.854,2607935.9
2023-01-16 00:00:00,22.188,25,22.902,23.589,3466942.4
2023-01-15 00:00:00,22,25,24.265,22.896,3669525.8
2023-01-14 00:00:00,18.201,24.874,18.3,24.257,8001133.8
2023-01-13 00:00:00,16.279,18.614,16.574,18.285,4616358.2
2023-01-12 00:00:00,15.5,17.046,16.379,16.584,4724701.7
2023-01-11 00:00:00,15.3,16.614,16.193,16.377,4221871.9
2023-01-10 00:00:00,15.581,16.734,16.235,16.195,4816488.4
2023-01-09 00:00:00,14.294,17.5,14.471,16.234,8528902
2023-01-08 00:00:00,12.821,15,13.095,14.473,2580045.7
2023-01-07 00:00:00,13,13.489,13.488,13.097,759351
2023-01-06 00:00:00,12.677,13.577,13.412,13.492,3295306.8
2023-01-05 00:00:00,12.932,13.8,13.39,13.414,3331790
2023-01-04 00:00:00,12.816,14.1,13.341,13.398,6357583.3
2023-01-03 00:00:00,10.986,13.994,11.269,13.346,5998180.8
2023-01-02 00:00:00,9.794,11.997,9.969,11.279,2597795.7
2023-01-01 00:00:00,9.684,10.077,9.958,9.971,1555326.6
2022-12-31 00:00:00,9.627,10.232,9.88,9.952,2651353.8
2022-12-30 00:00:00,8.968,10.52,9.619,9.876,6125680.1
2022-12-29 00:00:00,7.828,10.757,9.751,9.614,8567494.1
2022-12-28 00:00:00,9.368,11.123,11.088,9.748,3279416.4
2022-12-27 00:00:00,10.72,11.44,11.346,11.082,1404973.6
2022-12-26 00:00:00,11.023,11.484,11.384,11.322,750441.3
2022-12-25 00:00:00,11.239,11.541,11.435,11.378,527251.3
2022-12-24 00:00:00,10.992,11.787,11.785,11.43,1159669.4
2022-12-23 00:00:00,11.712,12.101,11.828,11.786,535762.4
2022-12-22 00:00:00,11.676,12.183,12.138,11.826,582304.2
2022-12-21 00:00:00,11.887,12.273,12.257,12.14,613540.5
2022-12-20 00:00:00,11.827,12.485,11.921,12.256,542256.4
2022-12-19 00:00:00,11.657,12.575,12.383,11.928,890510.9
2022-12-18 00:00:00,12.239,12.598,12.511,12.37,631441
2022-12-17 00:00:00,11.9,12.658,12.25,12.508,1097247.4
2022-12-16 00:00:00,11.98,14.17,14.053,12.241,2421399.5
2022-12-15 00:00:00,13.869,14.519,14.133,14.045,999906.4
2022-12-14 00:00:00,13.81,14.961,13.881,14.129,1593507.8
2022-12-13 00:00:00,12.772,14.171,13.343,13.901,1009797.6
2022-12-12 00:00:00,12.797,13.493,13.42,13.33,609623.4
2022-12-11 00:00:00,13.376,13.795,13.563,13.424,232897.7
2022-12-10 00:00:00,13.545,13.715,13.587,13.569,96866.8
2022-12-09 00:00:00,13.515,14.019,13.691,13.585,564389.7
2022-12-08 00:00:00,13.236,13.793,13.489,13.697,424358.5
2022-12-07 00:00:00,13.45,14.346,14.316,13.5,619327.5
2022-12-06 00:00:00,13.815,14.376,13.819,14.286,631514
2022-12-05 00:00:00,13.592,14.181,13.716,13.821,842481.7
2022-12-04 00:00:00,13.275,13.75,13.284,13.71,257443.6
2022-12-03 00:00:00,13.22,13.764,13.731,13.293,285806.8
2022-12-02 00:00:00,13.317,13.834,13.492,13.706,666766.3
2022-12-01 00:00:00,13.388,14.196,14.16,13.485,475984.8
2022-11-30 00:00:00,13.151,14.34,13.347,14.16,1223466.8
2022-11-29 00:00:00,13.136,13.95,13.301,13.346,390184.6
2022-11-28 00:00:00,12.746,14.14,14.071,13.3,793615.1
2022-11-27 00:00:00,14.045,14.439,14.151,14.095,366335.5
2022-11-26 00:00:00,13.955,14.95,14.008,14.135,752862.1
2022-11-25 00:00:00,13.865,14.57,14.565,14.001,717109.8
2022-11-23 00:00:00,12.37,14.905,12.416,14.323,1619561.6
2022-11-22 00:00:00,10.881,12.474,11.804,12.408,995618.6
2022-11-21 00:00:00,11.243,12.26,12.235,11.809,939354.8
2022-11-20 00:00:00,12.064,13.5,12.82,12.216,658536.8
2022-11-19 00:00:00,12.551,13.237,13.23,12.824,508561.2
2022-11-18 00:00:00,12.948,13.846,13.614,13.211,609769.8
2022-11-17 00:00:00,12.804,14.469,14.237,13.552,1296025.5
2022-11-16 00:00:00,13.601,14.522,14.238,14.232,448524.9
2022-11-15 00:00:00,13.728,15.135,13.924,14.264,509277.7
2022-11-14 00:00:00,11.834,15,13.05,13.939,1133213.6
2022-11-13 00:00:00,12.896,14.636,14.449,13.06,461998.1
2022-11-12 00:00:00,14.34,16.403,16.403,14.448,656131.3
2022-11-11 00:00:00,14.192,18.238,16.634,16.36,1310044.6
2022-11-10 00:00:00,10.42,17.98,11.349,16.692,614037.3
2022-11-09 00:00:00,6.891,23.598,23.563,11.246,7674988.2
2022-11-08 00:00:00,17.2,32.388,29.552,23.572,7723439
2022-11-07 00:00:00,28.035,33.126,32.557,29.6,1632800
2022-11-06 00:00:00,32.29,37.046,36.882,32.696,720839
2022-11-05 00:00:00,33.677,38.857,33.84,36.812,1263579.4
2022-11-04 00:00:00,30.671,34.224,30.813,33.774,437287.7
2022-11-03 00:00:00,30.619,32.217,30.826,30.807,179010.1
2022-11-02 00:00:00,30.216,32.922,32.223,30.822,470543.5
2022-11-01 00:00:00,32.13,33.375,32.554,32.2,106771.9
2022-10-31 00:00:00,32.207,34.358,32.98,32.559,246811.6
2022-10-30 00:00:00,31.924,33.575,32.86,32.957,226432.4
2022-10-29 00:00:00,31.876,33.863,32.106,32.841,602457.1
2022-10-28 00:00:00,30.074,32.539,30.548,32.09,362323.9
2022-10-27 00:00:00,30.417,32.336,31.26,30.557,292374.3
2022-10-26 00:00:00,30.616,32.111,30.974,31.277,439169.2
2022-10-25 00:00:00,28.063,32.28,28.328,30.962,735817.9
2022-10-24 00:00:00,28.167,29.484,29.339,28.305,168215.4
2022-10-23 00:00:00,27.736,29.438,28.036,29.277,259603.4
2022-10-22 00:00:00,27.488,28.2,28.096,28,153579.9
2022-10-21 00:00:00,26.83,28.266,27.983,28.081,514468.7
2022-10-20 00:00:00,27.979,29.524,28.825,28,334239.8
2022-10-19 00:00:00,28.642,30.245,30.136,28.871,208797.5
2022-10-18 00:00:00,29.711,31.444,31.265,30.12,288521
2022-10-17 00:00:00,29.856,31.27,30.19,31.193,190829.5
2022-10-16 00:00:00,29.579,30.537,29.599,30.161,158733.3
2022-10-15 00:00:00,29.433,30.168,30.007,29.594,128611.9
2022-10-14 00:00:00,29.637,31.961,30.451,30.028,198114.4
2022-10-13 00:00:00,27.407,31.191,31.141,30.541,626098.6
2022-10-12 00:00:00,30.66,31.54,30.77,31.143,195479.8
2022-10-11 00:00:00,30.392,31.897,31.897,30.773,302161
2022-10-10 00:00:00,31.87,33.464,32.87,31.959,221785.4
2022-10-09 00:00:00,32.456,33.133,32.557,32.921,59792.9
2022-10-08 00:00:00,32.34,33.064,32.956,32.564,87910
2022-10-07 00:00:00,32.375,33.752,33.335,32.975,209037.8
2022-10-06 00:00:00,33.237,34.5,34.136,33.358,147257.7
2022-10-05 00:00:00,33.2,34.385,34.139,34.086,77453.2
2022-10-04 00:00:00,32.841,34.416,32.914,34.138,215129.8
2022-10-03 00:00:00,31.725,33.287,32.006,32.898,210643.5
2022-10-02 00:00:00,31.878,32.994,32.417,32.059,122793.6
2022-10-01 00:00:00,32.332,33.184,33.168,32.428,99640.3
2022-09-30 00:00:00,32.61,35.214,33.879,33.253,229858.4
2022-09-29 00:00:00,32.65,34.424,33.227,33.959,329979.5
2022-09-28 00:00:00,31.626,33.794,32.649,33.222,271453
2022-09-27 00:00:00,32.102,35.427,33.885,32.664,632216.3
2022-09-26 00:00:00,31.853,33.936,32.259,33.869,351852.6
2022-09-25 00:00:00,31.873,34.044,33.385,32.328,161132.6
2022-09-24 00:00:00,33.109,34.776,33.702,33.386,208245.7
2022-09-23 00:00:00,31.228,33.995,32.435,33.671,433857.6
2022-09-22 00:00:00,30.561,32.88,30.614,32.411,233740.2
2022-09-21 00:00:00,29.971,33.6,31.38,30.603,572018
2022-09-20 00:00:00,31.311,32.871,32.63,31.395,264616.8
2022-09-19 00:00:00,30.452,33.04,31.054,32.627,411549.4
2022-09-18 00:00:00,30.847,33.979,33.665,31.094,253814.4
2022-09-17 00:00:00,32.235,33.88,32.235,33.682,124138.2
2022-09-16 00:00:00,31.5,33.198,33.06,32.24,188478.1
2022-09-15 00:00:00,32.377,34.876,34.057,33.049,346538.1
2022-09-14 00:00:00,32.686,34.329,32.951,34.1,203767
2022-09-13 00:00:00,32.936,38.965,37.438,32.944,1136209.8
2022-09-12 00:00:00,34.408,38.372,34.828,37.428,801556
2022-09-11 00:00:00,34.044,36,35.07,34.98,212207.7
2022-09-10 00:00:00,34.244,35.375,34.658,35.084,165873.7
2022-09-09 00:00:00,33.585,35.963,33.608,34.71,451443.8
2022-09-08 00:00:00,31.993,33.962,32.687,33.595,380236.8
2022-09-07 00:00:00,30.307,32.934,30.817,32.656,362503.5
2022-09-06 00:00:00,30.455,33.865,32.167,30.848,685819.6
2022-09-04 00:00:00,31.055,32.2,31.116,32.128,110604.2
2022-09-03 00:00:00,30.787,31.267,31.204,31.109,84591.2
2022-09-02 00:00:00,30.77,32.37,31.584,31.25,225371.1
2022-09-01 00:00:00,30.455,31.788,31.487,31.596,280124.3
2022-08-31 00:00:00,31.159,32.911,31.508,31.478,322915.8
2022-08-30 00:00:00,30.66,33.12,32.414,31.422,365295.1
2022-08-29 00:00:00,29.938,32.64,30.4,32.423,538239.4
2022-08-28 00:00:00,30.144,32.171,31.498,30.4,247919
2022-08-27 00:00:00,30.83,32.21,31.688,31.476,425815
2022-08-26 00:00:00,28.78,35.752,35.237,31.693,623152.5
2022-08-25 00:00:00,34.906,36.482,34.937,35.249,276868.6
2022-08-24 00:00:00,34.304,36.407,35.608,34.883,426658.1
2022-08-23 00:00:00,34.24,36.1,35.402,35.643,371758.2
2022-08-22 00:00:00,33.733,36.498,36.477,35.424,652054.6
2022-08-21 00:00:00,34.456,37.048,35.262,36.425,517261.2
2022-08-20 00:00:00,34.171,37.231,35.845,35.256,484056.1
2022-08-19 00:00:00,35,39.566,39.501,35.808,1225132
2022-08-18 00:00:00,39.317,41.637,40.536,39.521,522889
2022-08-17 00:00:00,40.167,44.705,43.085,40.451,605174.2
2022-08-16 00:00:00,42.506,44.252,43.712,43.076,486509.7
2022-08-15 00:00:00,42.766,47.268,44.883,43.762,867564
2022-08-14 00:00:00,44.323,48.081,46.626,44.857,683020.7
2022-08-13 00:00:00,45.313,48.372,45.531,46.593,930021.2
2022-08-12 00:00:00,42.11,45.5,42.801,45.5,542407
2022-08-11 00:00:00,42.375,45.35,42.455,42.789,801747.8
2022-08-10 00:00:00,39.142,42.97,40.279,42.484,794172
2022-08-09 00:00:00,39.73,42.766,42.171,40.349,395206
2022-08-08 00:00:00,40.601,43.708,40.611,42.179,426570.8
2022-08-07 00:00:00,39.209,41.545,40.006,40.618,203284.8
2022-08-06 00:00:00,39.863,40.894,40.551,40.054,173942.4
2022-08-05 00:00:00,38.75,41.371,38.852,40.545,539274.6
2022-08-04 00:00:00,38,39.82,38.489,38.777,497959.6
2022-08-03 00:00:00,37.35,41.034,39.767,38.503,2790162.1
2022-08-02 00:00:00,39.435,42.456,41.57,39.78,544892.6
2022-08-01 00:00:00,40.602,43.225,42.282,41.633,426277
2022-07-31 00:00:00,42.25,45.23,43.777,42.355,366903.4
2022-07-30 00:00:00,41.477,46.648,41.983,43.834,738384
2022-07-29 00:00:00,41.153,44.468,42.976,41.877,846299.4
2022-07-28 00:00:00,39.009,44.25,40.25,42.916,1423388
2022-07-27 00:00:00,35.673,40.661,36.264,40.225,848675.1
2022-07-26 00:00:00,34.683,36.808,36.621,36.247,724904.9
2022-07-25 00:00:00,36.569,41.096,40.92,36.644,457794.4
2022-07-24 00:00:00,39.498,42.05,39.94,40.954,367733.1
2022-07-23 00:00:00,38.583,41.892,40.521,39.964,495439.3
2022-07-22 00:00:00,40.031,44.341,43.134,40.517,1001152.6
2022-07-21 00:00:00,39.626,44.128,42,43.134,1276702.9
2022-07-20 00:00:00,41,46.268,44.798,42.046,956263.5
2022-07-19 00:00:00,42.546,47.387,43.515,44.824,1638094.7
2022-07-18 00:00:00,38.541,44.053,38.592,43.5,1291736.3
2022-07-17 00:00:00,38.291,41.004,39.552,38.599,788354
2022-07-16 00:00:00,36.352,40.434,37.359,39.572,1190647.9
2022-07-15 00:00:00,36.509,39.152,37.131,37.353,723084.6
2022-07-14 00:00:00,33.567,37.34,34.9,37.133,923323.1
2022-07-13 00:00:00,31.783,35.01,32.638,34.91,839304.9
2022-07-12 00:00:00,32.546,34.599,33.398,32.619,578068.9
2022-07-11 00:00:00,33.231,36.714,36.689,33.399,414546.3
2022-07-10 00:00:00,36.267,38.051,38.011,36.704,448800
2022-07-09 00:00:00,37.75,38.884,38.174,38.041,250428.6
2022-07-08 00:00:00,36.375,39.701,38.443,38.059,860304.9
2022-07-07 00:00:00,36.365,39.205,36.992,38.45,620147.4
2022-07-06 00:00:00,34.771,37.592,35.352,36.987,634296.6
2022-07-05 00:00:00,33.006,36.9,36.659,35.382,653296.1
2022-07-04 00:00:00,32.422,36.801,33.36,36.674,476547.8
2022-07-03 00:00:00,32.059,33.609,33.328,33.378,410607.1
2022-07-02 00:00:00,31.827,34.129,32.836,33.307,394302.2
2022-07-01 00:00:00,31.848,35.332,33.725,32.746,590657.4
2022-06-30 00:00:00,30.847,34.111,33.97,33.706,875627.8
2022-06-29 00:00:00,33.055,36.006,35.284,33.96,840483.3
2022-06-28 00:00:00,35.033,39.807,38.482,35.298,974562.5
2022-06-27 00:00:00,37.861,41.2,39.304,38.472,712324.8
2022-06-26 00:00:00,39.118,42.467,42.217,39.325,523962.6
2022-06-25 00:00:00,39.7,42.593,41.9,42.217,806171.4
2022-06-24 00:00:00,37.536,42.9,38.097,41.84,999695.8
2022-06-23 00:00:00,33.977,38.684,34.047,38.095,910564.9
2022-06-22 00:00:00,33.613,36.829,36.318,34.084,941992.6
2022-06-21 00:00:00,34.172,39.131,35.204,36.286,943717.4
2022-06-20 00:00:00,31.651,36.84,34.206,35.212,962155.6
2022-06-19 00:00:00,28.63,35.32,31.883,34.243,938670.7
2022-06-18 00:00:00,27,31.916,30.641,31.867,1275904.5
2022-06-16 00:00:00,29.471,36.179,34.651,30.04,1371603.2
2022-06-15 00:00:00,26.727,34.831,29.497,34.636,1305086.5
2022-06-14 00:00:00,25.776,32.167,28.499,29.513,1161430.6
2022-06-13 00:00:00,25.886,31,30.523,28.533,1962839.8
2022-06-12 00:00:00,30.505,34.748,33.856,30.559,530107.3
2022-06-11 00:00:00,33.16,37.872,37.103,33.837,464478.5
2022-06-10 00:00:00,36.722,40.808,39.857,37.058,458217.1
2022-06-09 00:00:00,38.416,41.86,38.793,39.948,273522.7
2022-06-08 00:00:00,38.296,40.85,39.256,38.852,327052.6
2022-06-07 00:00:00,37.125,42.645,42.29,39.322,1127826
2022-06-06 00:00:00,38.323,45,38.471,42.402,946566.6
2022-06-05 00:00:00,37.813,40.21,38.94,38.547,400117.7
2022-06-04 00:00:00,35.671,39.461,38.207,38.932,416392.8
2022-06-03 00:00:00,37.609,41.459,40.831,38.212,645574.8
2022-06-02 00:00:00,38.051,41.516,40.016,40.841,552763.9
2022-06-01 00:00:00,39.49,46.083,45.713,40.08,577297
2022-05-31 00:00:00,44.463,48.141,47.146,45.701,358805.1
2022-05-30 00:00:00,44.22,48.303,44.968,47.192,562291.2
2022-05-29 00:00:00,41.789,45.568,44.222,44.955,426099
2022-05-28 00:00:00,40.123,44.984,41.196,44.3,437767.6
2022-05-27 00:00:00,39.939,43.874,43.342,41.056,872396.3
2022-05-26 00:00:00,41.61,48.582,47.89,43.3,718541.2
2022-05-25 00:00:00,47.517,50.453,49.477,47.89,401389.9
2022-05-24 00:00:00,47.023,50.734,49.026,49.612,398310.3
2022-05-23 00:00:00,48.555,54.54,52.481,49.05,330703.2
2022-05-22 00:00:00,49.654,53.19,50.29,52.437,294802.1
2022-05-21 00:00:00,48.388,51.197,49.425,50.311,401775.5
2022-05-20 00:00:00,47.738,53.6,52.093,49.373,827237.4
2022-05-19 00:00:00,48,54.011,49.879,52.153,803786.4
2022-05-18 00:00:00,49.308,57.809,56.965,49.814,614680.9
2022-05-17 00:00:00,53,58.142,53.78,56.974,545751.8
2022-05-16 00:00:00,51.8,58.697,58.697,53.534,733510
2022-05-15 00:00:00,49.576,59.296,52.338,58.829,474329.1
2022-05-14 00:00:00,45.739,53.769,48.93,52.261,633273.4
2022-05-13 00:00:00,43.694,56.231,44.411,48.825,879029.6
2022-05-12 00:00:00,34.547,54.024,50.582,44.466,2046749.3
2022-05-11 00:00:00,43.078,68.398,66.807,50.806,1814382.3
2022-05-10 00:00:00,60.113,73.953,62.067,66.82,835470.5
2022-05-09 00:00:00,61.731,77.181,75.368,62.072,556036.3
2022-05-08 00:00:00,73.635,79.344,78.835,75.325,150681.1
2022-05-07 00:00:00,77.2,82.192,81.518,78.828,163173.4
2022-05-06 00:00:00,79.889,84.733,84.404,81.852,249756.6
2022-05-05 00:00:00,81.081,95.222,92.79,84.474,263072.1
2022-05-04 00:00:00,85.433,93.048,85.778,92.706,207768.4
2022-05-03 00:00:00,84.663,88.791,87.449,85.823,94612.9
2022-05-02 00:00:00,85.085,90.931,89.59,87.318,77389.9
2022-05-01 00:00:00,84.04,93.14,84.415,89.4,293696.4
2022-04-30 00:00:00,81.696,94.922,94.025,84.643,223866.2
2022-04-29 00:00:00,92.284,98.642,98.229,93.809,110139.6
2022-04-28 00:00:00,96.401,100.535,98.14,98.23,136549.8
2022-04-27 00:00:00,94.887,100.732,95.756,98.356,67743.4
2022-04-26 00:00:00,94.594,101.941,101.064,95.581,142343
2022-04-25 00:00:00,94.241,101.577,99.175,100.848,148950.2
2022-04-24 00:00:00,98.638,102.224,100.804,99.101,58795.8
2022-04-23 00:00:00,98.33,102.918,100.538,100.566,79593.3
2022-04-22 00:00:00,99.246,103.553,101.772,100.605,82167.1
2022-04-21 00:00:00,99.795,110,105.536,101.718,155742.8
2022-04-20 00:00:00,104.076,110.795,108.542,105.492,140129.8
2022-04-19 00:00:00,100.991,108.75,102.37,108.709,175978.6
2022-04-18 00:00:00,94.718,102.625,100.085,102.295,337951.3
2022-04-17 00:00:00,99.661,105.45,102.057,100.125,192034.5
2022-04-16 00:00:00,100.671,103.496,101.517,102.194,135769.2
2022-04-15 00:00:00,99.567,102.933,100.742,101.296,177990.2
2022-04-14 00:00:00,98.82,107.68,104.868,100.725,285496.9
2022-04-13 00:00:00,100.103,105.94,103.419,104.938,302706.5
2022-04-12 00:00:00,98.333,109.284,99.653,103.155,542428.3
2022-04-11 00:00:00,98.083,111.886,110.978,99.552,496053
2022-04-10 00:00:00,109.737,116,112.929,111.088,272771.4
2022-04-09 00:00:00,108.234,113.612,109.814,112.893,164439.3
2022-04-08 00:00:00,108.081,122.338,118.442,109.895,383788.2
2022-04-07 00:00:00,110.848,119.84,112.831,118.537,319961.3
2022-04-06 00:00:00,112.041,127.38,126.79,113.087,627765.1
2022-04-05 00:00:00,126.09,136.648,132.1,126.748,309342.6
2022-04-04 00:00:00,125.797,138.29,136.692,132.292,614968
2022-04-03 00:00:00,130.609,141.177,132.686,136.617,451840.6
2022-04-02 00:00:00,131.375,143.517,134.25,132.524,556212.2
2022-04-01 00:00:00,117.5,138.353,122.97,134.358,624002.4
2022-03-31 00:00:00,120,129.567,120.81,122.908,673014.1
2022-03-30 00:00:00,107.165,125.23,111.585,120.868,736309.2
2022-03-28 00:00:00,105.25,113.877,107,105.938,570231.5
2022-03-27 00:00:00,98.8,107.4,101.68,107.065,185199.7
2022-03-26 00:00:00,97.656,103.388,98.667,101.721,187457.1
2022-03-25 00:00:00,97.133,104.932,102.235,98.595,274922
2022-03-24 00:00:00,93.408,103.599,95.035,102.399,322422.7
2022-03-23 00:00:00,89.224,96.353,90.336,94.93,268688.9
2022-03-22 00:00:00,87.971,94.053,88.515,90.434,265900.6
2022-03-21 00:00:00,86.77,91.303,88.69,88.714,223669.1
2022-03-20 00:00:00,87.916,92.554,92.441,88.521,129400.2
2022-03-19 00:00:00,89.355,94.562,89.901,92.449,219738.6
2022-03-18 00:00:00,84.445,92.222,87.864,89.843,467197.2
2022-03-17 00:00:00,86.628,91.025,87.809,87.874,320001
2022-03-16 00:00:00,81.533,88,82.86,87.82,510415.4
2022-03-15 00:00:00,78.707,86,81.261,82.82,230642.4
2022-03-14 00:00:00,77.953,82.212,78.606,81.174,257398.6
2022-03-13 00:00:00,76.066,83.398,81.354,78.741,182585.4
2022-03-12 00:00:00,80.572,82.714,80.675,81.33,106661.4
2022-03-11 00:00:00,80.056,84.361,82.88,80.612,324930.5
2022-03-10 00:00:00,80.693,88.605,88.119,82.906,425691.9
2022-03-09 00:00:00,81.871,89.88,82.217,88.1,512106.7
2022-03-08 00:00:00,81.302,85.005,81.775,82.195,200805.1
2022-03-07 00:00:00,79.899,86.73,84.537,81.751,289359
2022-03-06 00:00:00,84.046,89.878,89.573,84.498,162131.7
2022-03-05 00:00:00,85.958,91.156,88.27,89.738,165806.7
2022-03-04 00:00:00,86.936,95.885,95.434,88.137,328755.6
2022-03-03 00:00:00,94.044,101.581,100.523,95.503,194473.3
2022-03-02 00:00:00,96.78,106.415,98.571,100.623,452633.5
2022-03-01 00:00:00,94.278,102.092,99.719,98.679,580469.4
2022-02-28 00:00:00,84.193,102.693,85.645,99.603,858222.9
2022-02-27 00:00:00,84.048,92.215,90.042,85.652,462277.7
2022-02-26 00:00:00,89.231,95.317,92.745,90.172,318770.4
2022-02-25 00:00:00,86.868,95.065,89.408,92.821,811600.6
2022-02-24 00:00:00,75.165,94.024,84.547,89.405,1464563.7
2022-02-23 00:00:00,84.382,93.336,86.367,84.515,608102.4
2022-02-22 00:00:00,81.025,87.5,82.995,86.379,855912.9
2022-02-21 00:00:00,82.574,96.171,90.697,82.842,880389.6
2022-02-20 00:00:00,85.4,93.964,91.287,90.564,587456.4
2022-02-19 00:00:00,88.654,92.744,89.855,91.272,354481.9
2022-02-18 00:00:00,89.338,96.442,93.401,89.958,469048.9
2022-02-17 00:00:00,92.407,102.76,101.922,93.605,489577.1
2022-02-16 00:00:00,98.31,105.632,105.632,101.924,545652.7
2022-02-15 00:00:00,96.402,105.851,96.465,105.546,581215.5
2022-02-14 00:00:00,90.641,97.891,93.001,96.392,388262.2
2022-02-13 00:00:00,91.337,97.333,95.945,92.865,164696.6
2022-02-12 00:00:00,92.75,99.794,96.205,95.754,445104.7
2022-02-11 00:00:00,95.164,108.16,106.154,96.53,411689.8
2022-02-10 00:00:00,105.657,114.937,113.864,106.182,479603.1
2022-02-09 00:00:00,109.227,117.138,113.768,113.938,268915.2
2022-02-08 00:00:00,109.688,120.315,117.641,113.364,425498.7
2022-02-07 00:00:00,112.789,122,115.516,117.494,426029.3
2022-02-06 00:00:00,111.007,116.003,113.99,115.317,250539.2
2022-02-05 00:00:00,110.282,118.574,112.672,113.885,369511.2
2022-02-04 00:00:00,100.351,112.852,101.863,112.536,573060.2
2022-02-03 00:00:00,93.899,103.05,101.862,101.934,805350.8
2022-02-02 00:00:00,97.015,112.347,110.044,101.866,1072698.5
2022-02-01 00:00:00,99.05,113.622,99.295,109.943,740437.1
2022-01-31 00:00:00,89.169,101.2,93.489,99.515,460207
2022-01-30 00:00:00,91.383,97.757,96.085,93.325,387418.2
2022-01-29 00:00:00,90.4,98.915,91.352,95.958,560900.6
2022-01-28 00:00:00,87.135,93.479,89.485,91.348,560804.4
2022-01-27 00:00:00,85.592,94.617,92.045,89.494,838436.5
2022-01-26 00:00:00,89.275,104.494,94.649,91.853,1112865.5
2022-01-25 00:00:00,87.371,99.873,91.93,94.595,921503.5
2022-01-24 00:00:00,80.853,99.914,99.835,91.93,2078648.5
2022-01-23 00:00:00,93.244,104.642,94.521,99.825,1142130.3
2022-01-22 00:00:00,87.167,114.863,112.251,94.482,1905811.8
2022-01-21 00:00:00,106.16,128.704,127.597,112.249,1551538.3
2022-01-20 00:00:00,126.006,143.781,135.323,127.597,320721.2
2022-01-19 00:00:00,132.774,142.6,141.577,135.428,333596.9
2022-01-18 00:00:00,134.37,142.6,139.818,141.272,216061.5
2022-01-17 00:00:00,137.041,148.195,148.122,139.903,183619.2
2022-01-16 00:00:00,146.16,151.934,147.23,147.77,76832.8
2022-01-15 00:00:00,144,149.551,145.781,147.77,52146.7
2022-01-14 00:00:00,141.964,150.52,146.252,146.188,242248
2022-01-13 00:00:00,145.568,157.618,151.26,146.255,176747.8
2022-01-12 00:00:00,138.297,153.24,140.099,151.46,233627.5
2022-01-11 00:00:00,133.7,143.339,135.844,140.05,220170.1
2022-01-10 00:00:00,129.945,143.695,140.817,135.932,355391.8
2022-01-09 00:00:00,137.859,145.694,142.11,140.77,397665.8
2022-01-07 00:00:00,133.236,150.468,150.245,136.32,709041
2022-01-06 00:00:00,146.23,154.71,154.376,150.252,325593.3
2022-01-05 00:00:00,144.5,171.334,167.8,154.352,453223.1
2022-01-04 00:00:00,166.319,173.76,170.059,167.75,124052.1
2022-01-03 00:00:00,166.618,176.37,176.37,170.06,77284.2
2022-01-02 00:00:00,174.38,179.436,179.114,176.359,50068.1
2022-01-01 00:00:00,170.236,179.184,170.31,179.079,118510
2021-12-31 00:00:00,167.66,177.645,172.811,169.909,94776.7
2021-12-30 00:00:00,168.038,175.647,170.565,172.344,144249
2021-12-29 00:00:00,170.08,180.55,177.245,170.563,278491.2
2021-12-28 00:00:00,176.29,195.753,195.753,177.111,461565.9
2021-12-27 00:00:00,194.901,204.784,198,195.686,250559.3
2021-12-26 00:00:00,190.5,200.648,193.103,198.031,212121.8
2021-12-25 00:00:00,189.353,195.177,190.242,192.86,260478.9
2021-12-24 00:00:00,184.109,197.556,190.147,190.242,354067.3
2021-12-23 00:00:00,175.622,193.579,178.352,190.44,225718.4
2021-12-22 00:00:00,177.08,187.499,179.695,178.325,204517.8
2021-12-21 00:00:00,170.319,182.253,174.225,179.694,164973.2
2021-12-20 00:00:00,168.513,181.092,179.901,173.824,218649
2021-12-19 00:00:00,178.326,189.216,182.52,180.114,141055.7
2021-12-18 00:00:00,171.069,184.199,175.83,182.794,125314.1
2021-12-17 00:00:00,168.318,182.497,176.931,175.39,270808.3
2021-12-16 00:00:00,174.534,188.819,178.526,176.915,249339.2
2021-12-15 00:00:00,156.844,182.635,161.134,178.255,527612
2021-12-14 00:00:00,149.671,163.081,155.261,161.229,216834.6
2021-12-13 00:00:00,148,172.894,172.894,155.16,314479.7
2021-12-12 00:00:00,167.796,176.91,172.011,172.888,129657.1
2021-12-11 00:00:00,161.55,173.719,167.476,171.509,344532.8
2021-12-10 00:00:00,167.354,184.627,181.489,167.713,591010.6
2021-12-09 00:00:00,178.753,196.808,194.771,181.341,437275.5
2021-12-08 00:00:00,183.733,197.138,196.74,194.752,316061.8
2021-12-07 00:00:00,193.378,204.149,193.684,196.765,154667.6
2021-12-06 00:00:00,176.416,197.633,196.655,193.728,676126.5
2021-12-05 00:00:00,181.595,204.505,200.749,196.348,452401.6
2021-12-04 00:00:00,163,212.491,211.641,201.093,1070943
2021-12-03 00:00:00,203.953,239.385,233.766,211.681,618124.4
2021-12-02 00:00:00,220.231,243.175,229.952,233.904,578079.5
2021-12-01 00:00:00,208.101,232.524,208.581,229.86,407984.6
2021-11-30 00:00:00,199.719,218.462,204.281,208.525,453963.4
2021-11-29 00:00:00,199.74,212.803,200.961,204.297,237144
2021-11-28 00:00:00,181.058,201.904,192.781,200.881,291891.4
2021-11-27 00:00:00,190.789,199.379,192.41,192.823,172351.2
2021-11-26 00:00:00,182.816,210.548,210.548,192.43,669784.2
2021-11-25 00:00:00,202.046,216.436,205.961,210.043,251349.4
2021-11-24 00:00:00,200.249,222.502,222.142,205.859,327673.6
2021-11-23 00:00:00,210.907,226,215.749,221.915,334874.1
2021-11-22 00:00:00,211.705,231.935,230.78,215.718,467328.5
2021-11-21 00:00:00,210.638,235.388,217.803,230.776,443454
2021-11-20 00:00:00,206.043,221.314,215.38,217.771,325436.9
2021-11-19 00:00:00,189.058,219.353,195.433,215.299,403758.2
2021-11-18 00:00:00,186.121,222.819,218.898,194.969,523130.5
2021-11-17 00:00:00,209.878,222.341,218.913,218.727,458994.8
2021-11-16 00:00:00,213.5,237.987,237.987,219.307,394256
2021-11-15 00:00:00,234.501,246.296,238.849,237.996,337553.7
2021-11-14 00:00:00,230.306,241.962,241.685,238.796,186490.5
2021-11-13 00:00:00,224.834,241.918,228.688,241.727,239568.4
2021-11-12 00:00:00,221,239.125,233.464,228.564,293549.4
2021-11-11 00:00:00,229.646,246.55,233.21,233.496,206842.7
2021-11-10 00:00:00,213.5,248.213,239.357,233.275,493082.2
2021-11-09 00:00:00,235.64,253.346,248.452,239.105,246458.6
2021-11-08 00:00:00,241.011,253.556,249.874,248.518,377780.1
2021-11-07 00:00:00,245.798,258.907,258.687,249.659,335067.5
2021-11-06 00:00:00,235.058,260.223,236.36,258.621,485935.7
2021-11-05 00:00:00,230.724,248.576,247.259,236.362,352006.4
2021-11-04 00:00:00,234.1,251.075,243.453,247.352,488122.1
2021-11-03 00:00:00,215.998,246.557,221.178,243.198,712029.9
2021-11-02 00:00:00,201.35,222.578,203.91,221.298,454046.6
2021-11-01 00:00:00,198,211.8,202.811,203.864,492872.3
2021-10-31 00:00:00,185.459,205.155,195.789,202.736,642250.4
2021-10-30 00:00:00,187.418,200.625,200.551,195.46,323582.8
2021-10-29 00:00:00,194.639,205.3,195.389,200.548,364431.7
2021-10-28 00:00:00,181.686,201.488,184.622,195.145,529848.5
2021-10-27 00:00:00,173.83,205.653,199.716,184.516,901344.1
2021-10-26 00:00:00,196.191,214.369,209.92,199.716,895729.4
2021-10-25 00:00:00,198.327,219.21,202.486,209.813,1228623.9
2021-10-24 00:00:00,185.366,204.974,197.951,202.407,866825.4
2021-10-23 00:00:00,192.148,205.964,196.481,197.976,1064607
2021-10-22 00:00:00,188.153,215.565,190.696,196.384,1849436.4
2021-10-21 00:00:00,176.573,194,176.945,190.484,2106896.5
2021-10-19 00:00:00,153.181,159.478,157.286,155.935,243546.4
2021-10-18 00:00:00,154.995,163,160.234,157.181,256804.2
2021-10-17 00:00:00,152.631,167.477,157.69,160.217,531107.3
2021-10-16 00:00:00,156.46,164.876,163.177,157.689,348566.1
2021-10-15 00:00:00,146.936,165.329,150.083,163.107,1285367.8
2021-10-14 00:00:00,147.383,155.778,148.266,150.011,626328.6
2021-10-13 00:00:00,144.292,155.45,152.354,148.057,525079.2
2021-10-12 00:00:00,137.576,153.388,144.953,152.377,1023862.7
2021-10-11 00:00:00,139.751,154.25,147.624,144.987,529649.9
2021-10-10 00:00:00,144.487,158.727,157.002,147.659,422142.4
2021-10-09 00:00:00,154.271,161.786,159.004,156.97,374724.1
2021-10-08 00:00:00,152.534,169,154.53,159.016,675571.3
2021-10-07 00:00:00,150.402,161.67,154.107,154.398,729864
2021-10-06 00:00:00,150.4,165.685,164.878,154.082,791726.5
2021-10-05 00:00:00,160.126,170.317,167.317,164.742,520087.6
2021-10-04 00:00:00,162.234,173.458,173.16,167.283,595547.3
2021-10-03 00:00:00,165.622,184.324,168.964,172.922,681348.7
2021-10-02 00:00:00,156.329,174.875,161.474,169.079,938837.5
2021-10-01 00:00:00,138.455,165.175,141.467,161.733,1134944.5
2021-09-30 00:00:00,134,142.876,135.347,141.434,765606.2
2021-09-29 00:00:00,131.031,140.068,132.29,135.398,760929.3
2021-09-28 00:00:00,128.134,139.583,136.405,132.282,835509.5
2021-09-27 00:00:00,133.835,149.01,135.737,136.436,669226.1
2021-09-26 00:00:00,124.74,140.88,136.165,135.792,592259.5
2021-09-25 00:00:00,133.565,144.24,139.278,136.067,270738.9
2021-09-24 00:00:00,126.231,151.4,150.033,139.323,521932.7
2021-09-23 00:00:00,143.225,152.656,148.097,149.878,473262
2021-09-22 00:00:00,122.139,151.325,124.194,148.161,698192.9
2021-09-21 00:00:00,116.042,144.649,132.836,123.981,782588.5
2021-09-20 00:00:00,130.328,153.416,153.19,132.688,964260.2
2021-09-19 00:00:00,150.764,170.93,169.25,152.952,436251.9
2021-09-18 00:00:00,144.379,171.441,147.719,169.419,609504.6
2021-09-17 00:00:00,134.2,153.627,152.632,147.724,532083
2021-09-16 00:00:00,147.6,163.319,159.15,152.415,971323.2
2021-09-15 00:00:00,153.746,166.286,158.786,159.397,521703
2021-09-14 00:00:00,142.6,171.79,169.61,158.699,779251.7
2021-09-13 00:00:00,150,174.999,174.656,169.526,592350
2021-09-12 00:00:00,170.236,181.667,178.546,174.619,227700.8
2021-09-11 00:00:00,175.5,193.438,180,178.882,242403.4
2021-09-10 00:00:00,168.53,197.601,187.532,179.717,516846.1
2021-09-09 00:00:00,180.842,215.745,191.118,187.692,443753.6
2021-09-08 00:00:00,145,198,173.043,190.73,528794.1
2021-09-07 00:00:00,131.533,195.425,164.252,173.388,627147.2
2021-09-06 00:00:00,137.669,166,142.237,164.386,219762.1
2021-09-05 00:00:00,135.115,145.2,139.178,142.173,130275.4
2021-09-04 00:00:00,130.6,151,146.085,139.048,156276.1
2021-09-03 00:00:00,128.573,148.987,128.573,146.597,224164.4
2021-09-02 00:00:00,109.374,132.066,110.819,128.036,182526.7
2021-09-01 00:00:00,106.074,119.846,108.111,111.165,146358
2021-08-31 00:00:00,103.4,130.273,110.472,108.439,441608
2021-08-30 00:00:00,94.1,116.895,94.1,110.513,865622.1
2021-08-29 00:00:00,90.679,97.87,96.578,94.102,1548672.8
2021-08-28 00:00:00,85.76,98,88.235,96.412,337562.9
2021-08-27 00:00:00,72.746,89,75.233,88.255,243304.2
2021-08-26 00:00:00,66.282,78.208,72.043,74.989,480502.8
2021-08-25 00:00:00,65.9,72.773,71.202,71.762,357751.4
2021-08-24 00:00:00,68.8,79.655,75.77,70.653,121046.0
2021-08-23 00:00:00,71.71,76.924,73.707,75.982,87883.8
2021-08-22 00:00:00,71.332,77.583,73.851,72.767,35323.5
2021-08-21 00:00:00,72.793,82,78.638,74.311,147225.5
2021-08-20 00:00:00,71.132,80,72.401,78.699,74680.6
2021-08-19 00:00:00,68.536,75.322,73.017,72.95,92314.2
2021-08-18 00:00:00,60,80.352,63.999,72.913,340393.1
2021-08-17 00:00:00,58.75,74.912,61.981,64.126,355322.4
2021-08-16 00:00:00,52.306,68.93,53.751,62.326,441372.3
2021-08-15 00:00:00,43.408,54.801,44.243,53.658,240834.8
2021-08-14 00:00:00,42.935,44.815,44.318,44.196,29052.5
2021-08-13 00:00:00,40.74,44.907,40.934,44.907,14747.5
2021-08-12 00:00:00,39.753,43.572,42.059,41.164,30020.3
2021-08-11 00:00:00,40.86,43.668,40.86,42.047,21001.3
2021-08-10 00:00:00,38.546,41.692,39.073,40.73,57587.2
2021-08-09 00:00:00,36.589,39.999,37.92,38.63,39534.3
2021-08-08 00:00:00,37.015,39.699,39.396,37.689,14792.1
2021-08-07 00:00:00,37.812,40.584,39.526,39.404,40594.5
2021-08-06 00:00:00,35.769,40.367,37.37,39.55,63313.8
2021-08-05 00:00:00,35.621,38.223,35.621,37.626,14662.8
2021-08-04 00:00:00,33.242,36.621,33.543,35.8,28965.8
2021-08-03 00:00:00,33,35.774,33,33.963,10773.9
2021-08-02 00:00:00,33.198,35.052,34.948,33.26,2692.7
2021-07-31 00:00:00,31.8,36.324,32.699,36.311,9706.9
2021-07-30 00:00:00,30.286,33,30.842,31.873,21870.1
2021-07-29 00:00:00,27.578,31.725,27.655,31.533,11600.5
2021-07-28 00:00:00,27.471,28.444,28.332,27.567,11695.8
2021-07-27 00:00:00,27.067,28.8,28.017,27.67,7219.5
2021-07-26 00:00:00,27.961,30.921,28.115,28.321,9908.8
2021-07-25 00:00:00,26.676,28.293,28.293,28.096,4911.9
2021-07-24 00:00:00,28.204,29.127,28.723,28.204,4936.8
2021-07-23 00:00:00,26.485,28.554,28.326,28.401,4487.4
2021-07-22 00:00:00,26.283,28.082,26.875,27.97,11341.2
2021-07-21 00:00:00,22.891,27.364,22.891,26.459,26793.3
2021-07-20 00:00:00,22.591,24.784,24.784,23.431,6207.4
2021-07-19 00:00:00,24.118,26.444,26.444,24.439,3591.3
2021-07-18 00:00:00,26.466,27.623,27.623,26.69,1416.7
2021-07-17 00:00:00,26.03,27.454,26.51,26.908,1462.2
2021-07-16 00:00:00,26.278,29.274,29.26,26.278,1321.1
2021-07-15 00:00:00,28.011,31.421,31.114,28.594,4267.0
2021-07-14 00:00:00,27.867,31.331,29.206,31.331,3772.4
2021-07-13 00:00:00,28.899,30.633,30.623,29.01,2154.4
2021-07-12 00:00:00,30.202,32.63,32.142,30.796,2511.1
2021-07-11 00:00:00,31.433,32.492,31.816,32.189,13506.5
2021-07-10 00:00:00,31.187,33.946,33.671,31.66,12848.9
2021-07-09 00:00:00,32.406,34.373,32.751,33.269,2776.5
2021-07-08 00:00:00,33.144,43,36.757,33.144,13284.6
2021-07-07 00:00:00,34.388,37.888,34.388,36.474,10373.3
2021-07-06 00:00:00,33.202,34.391,33.348,34.389,14582.1
2021-07-05 00:00:00,32.788,34.425,33.846,32.957,8016.0
2021-07-04 00:00:00,33.829,35.373,34.248,34.518,5352.9
2021-07-03 00:00:00,33.43,35.016,34.239,34.14,3169.1
2021-07-02 00:00:00,31.699,34.058,33.849,34.058,6408.3
2021-07-01 00:00:00,32.449,35.351,35.157,33.531,7204.8
2021-06-30 00:00:00,31.709,35.802,33.603,35.802,4387.3
2021-06-29 00:00:00,33.12,35.767,33.383,34.019,6511.1
2021-06-28 00:00:00,31.046,33.82,31.346,33.028,4477.6
2021-06-27 00:00:00,29.483,31.9,29.505,31.9,2578.8
2021-06-26 00:00:00,26.787,29.92,28.621,29.672,16932.1
2021-06-25 00:00:00,28.162,32.776,31.271,28.673,12236.8
2021-06-24 00:00:00,28.684,32.95,30.711,31.283,7484.5
2021-06-23 00:00:00,26.03,32.468,26.099,30.773,21019.2
2021-06-22 00:00:00,20.291,28.605,26.14,26.605,41603.9
2021-06-21 00:00:00,25.927,35,34.738,26.836,16573.7
2021-06-20 00:00:00,31.468,35.813,34.502,35.223,10123.1
2021-06-19 00:00:00,35.246,37.312,37.022,35.642,4305.0
2021-06-18 00:00:00,35.239,39.336,39.203,36.478,4901.9
2021-06-17 00:00:00,38.415,41.025,39.567,39.197,3924.9
2021-06-16 00:00:00,37.562,41.513,39.306,39.146,5719.5
2021-06-15 00:00:00,39.574,41.587,39.639,39.574,8627.6
2021-06-14 00:00:00,36.911,39.829,38.921,39.386,3735.4
2021-06-13 00:00:00,35.59,39.39,36.761,38.706,1927.4
2021-06-12 00:00:00,34.293,37.291,35.228,37.02,5849.7
2021-06-11 00:00:00,35.542,40.75,40.75,36.042,4120.3
2021-06-10 00:00:00,39.806,42.82,41.909,41.178,5066.0
2021-06-09 00:00:00,39.985,43.964,40.73,42.142,9270.4
2021-06-08 00:00:00,34.201,42.5,38.379,41.297,19589.5
2021-06-07 00:00:00,37.978,43.86,42.775,38.074,3912.6
2021-06-06 00:00:00,39.091,43.015,39.54,42.316,3730.1
2021-06-05 00:00:00,38.165,42.5,40,39.047,2727.8
2021-06-04 00:00:00,34.729,39.473,38.938,38.284,14408.2
2021-06-03 00:00:00,34.98,40.979,34.98,39.851,8164.6
2021-06-02 00:00:00,30.748,34.817,30.748,33.5,3587.0
2021-06-01 00:00:00,29.83,33,31.974,30.749,4419.8
2021-05-31 00:00:00,27.792,32.907,27.792,31.58,3469.3
2021-05-30 00:00:00,26.372,29.4,26.887,28.897,531.9
2021-05-29 00:00:00,25.819,29.95,29.618,27.268,2415.5
2021-05-28 00:00:00,28.295,33.546,33.546,28.627,7934.1
2021-05-27 00:00:00,31.232,35.346,34.738,33.58,5215.5
2021-05-26 00:00:00,29.182,36.948,30.033,35.311,20826.6
2021-05-25 00:00:00,26.366,32.865,31.793,30.147,22377.8
2021-05-24 00:00:00,24.7,32.226,25.622,31.36,17052.5
2021-05-23 00:00:00,19.376,32.268,31.25,24.777,55900.0
2021-05-22 00:00:00,31.25,39.856,39,31.496,5753.9
2021-05-21 00:00:00,34,47.042,45.557,38.462,21759.7
2021-05-20 00:00:00,32.684,50.681,35.927,45.386,32970.4
2021-05-19 00:00:00,30.088,57.5,56.591,35.101,72782.9
2021-05-18 00:00:00,46.079,58.475,46.181,56.566,48279.5
2021-05-17 00:00:00,39.9,53.3,39.9,46.998,27313.8
2021-05-16 00:00:00,41.26,52,43.5,41.26,41791.6
2021-05-15 00:00:00,39.567,45.4,42.618,43.299,31221.5
2021-05-14 00:00:00,39.94,44.69,41.421,42.759,10332.2
2021-05-12 00:00:00,42.236,49,45.137,42.236,18730.4
2021-05-11 00:00:00,40.01,45.032,42.67,44.891,22146.9
2021-05-10 00:00:00,39.542,45.85,44.329,43.065,26640.3
2021-05-09 00:00:00,43.072,47.28,46.428,44.648,8855.0
2021-05-08 00:00:00,42.771,46.659,42.771,45.961,10836.8
2021-05-07 00:00:00,41.623,46.05,43.1,43.372,31755.6
2021-05-06 00:00:00,42.9,45.134,44,43.587,18935.3
2021-05-05 00:00:00,42.395,46,42.7,44.787,6747.2
2021-05-04 00:00:00,42.4,47.7,44.816,43,11524.9
2021-05-03 00:00:00,44.812,49.154,47.334,46.241,16336.5
2021-05-02 00:00:00,46.157,49.74,49.67,46.637,15253.0
2021-05-01 00:00:00,42.231,49.747,42.952,49.67,21525.5
2021-04-30 00:00:00,41.473,44.317,42.5,43.067,7426.1
2021-04-29 00:00:00,40.952,45.941,45.6,42.61,15298.2
2021-04-28 00:00:00,40.807,46.923,43.237,45.162,12208.9
2021-04-27 00:00:00,42.781,46.595,44.026,43.248,13650.9
2021-04-26 00:00:00,43.436,48.233,47.744,44.122,30124.2
2021-04-25 00:00:00,40.584,48.618,41.831,47.772,28474.9
2021-04-24 00:00:00,34.854,43.54,37.763,41.026,24982.1
2021-04-23 00:00:00,31.512,41.235,39.255,36.316,48010.4
2021-04-22 00:00:00,31.626,40.507,32.396,38.815,41588.3
2021-04-21 00:00:00,31.842,34.533,33.956,32.556,10828.2
